song_uri,playlist_uri
m8KL8aKBE4QjmjCaRYqEiW,bnTLgdBgv8PCgmf5vpnrKm
PhcNfRBNqJRY75qucpaVmU,bnTLgdBgv8PCgmf5vpnrKm
bBhQuUVBbLmF2KNAnfnDZi,bnTLgdBgv8PCgmf5vpnrKm
9EGBxY5b5AzxRezKLvwTMj,bnTLgdBgv8PCgmf5vpnrKm
AZMiEQ9Yvj2CMG5KrYrZWz,bnTLgdBgv8PCgmf5vpnrKm
zaSuHR94FALJxJnySQFyW3,bnTLgdBgv8PCgmf5vpnrKm
9xyV8G4gKb5DCKQN9mb9Ag,bnTLgdBgv8PCgmf5vpnrKm
atqMpjyXrUq6A5AW4TAPkG,bnTLgdBgv8PCgmf5vpnrKm
xjNApAyqMNZ3SdW5j4vi48,bnTLgdBgv8PCgmf5vpnrKm
xC3u4qjX5m2y4AvhpLwLTD,bnTLgdBgv8PCgmf5vpnrKm
aZrKFnZEecif4cdxnfpNQ5,bnTLgdBgv8PCgmf5vpnrKm
mLCf38Nwbww3jrLAKLewqR,bnTLgdBgv8PCgmf5vpnrKm
W8tYLRFxgmUudYC8DK2vkh,bnTLgdBgv8PCgmf5vpnrKm
EyjS8EB6vkCAfjNYgJgrU5,bnTLgdBgv8PCgmf5vpnrKm
JUTEFa7bAMWYuNH7S7nvfF,bnTLgdBgv8PCgmf5vpnrKm
m8KL8aKBE4QjmjCaRYqEiW,pUAd74nfhZJuC8E6BTJ8GZ
PhcNfRBNqJRY75qucpaVmU,pUAd74nfhZJuC8E6BTJ8GZ
bBhQuUVBbLmF2KNAnfnDZi,pUAd74nfhZJuC8E6BTJ8GZ
9EGBxY5b5AzxRezKLvwTMj,pUAd74nfhZJuC8E6BTJ8GZ
zaSuHR94FALJxJnySQFyW3,pUAd74nfhZJuC8E6BTJ8GZ
9xyV8G4gKb5DCKQN9mb9Ag,pUAd74nfhZJuC8E6BTJ8GZ
atqMpjyXrUq6A5AW4TAPkG,pUAd74nfhZJuC8E6BTJ8GZ
m8KL8aKBE4QjmjCaRYqEiW,ub2WzqhdEqCmw5SwbUe2z8
PhcNfRBNqJRY75qucpaVmU,ub2WzqhdEqCmw5SwbUe2z8
bBhQuUVBbLmF2KNAnfnDZi,ub2WzqhdEqCmw5SwbUe2z8
9EGBxY5b5AzxRezKLvwTMj,ub2WzqhdEqCmw5SwbUe2z8
AZMiEQ9Yvj2CMG5KrYrZWz,ub2WzqhdEqCmw5SwbUe2z8
zaSuHR94FALJxJnySQFyW3,ub2WzqhdEqCmw5SwbUe2z8
9xyV8G4gKb5DCKQN9mb9Ag,ub2WzqhdEqCmw5SwbUe2z8
atqMpjyXrUq6A5AW4TAPkG,ub2WzqhdEqCmw5SwbUe2z8
xjNApAyqMNZ3SdW5j4vi48,ub2WzqhdEqCmw5SwbUe2z8
xC3u4qjX5m2y4AvhpLwLTD,ub2WzqhdEqCmw5SwbUe2z8
aZrKFnZEecif4cdxnfpNQ5,ub2WzqhdEqCmw5SwbUe2z8
m8KL8aKBE4QjmjCaRYqEiW,KWXCVpFmmzTh8zayHD8JQh
PhcNfRBNqJRY75qucpaVmU,KWXCVpFmmzTh8zayHD8JQh
bBhQuUVBbLmF2KNAnfnDZi,KWXCVpFmmzTh8zayHD8JQh
9EGBxY5b5AzxRezKLvwTMj,KWXCVpFmmzTh8zayHD8JQh
9xyV8G4gKb5DCKQN9mb9Ag,BCTvJZNNk43V4WcBcS8CpT
atqMpjyXrUq6A5AW4TAPkG,BCTvJZNNk43V4WcBcS8CpT
xjNApAyqMNZ3SdW5j4vi48,BCTvJZNNk43V4WcBcS8CpT
xC3u4qjX5m2y4AvhpLwLTD,BCTvJZNNk43V4WcBcS8CpT
aZrKFnZEecif4cdxnfpNQ5,BCTvJZNNk43V4WcBcS8CpT
mLCf38Nwbww3jrLAKLewqR,BCTvJZNNk43V4WcBcS8CpT
W8tYLRFxgmUudYC8DK2vkh,BCTvJZNNk43V4WcBcS8CpT
EyjS8EB6vkCAfjNYgJgrU5,BCTvJZNNk43V4WcBcS8CpT